{"BaseFrequency": 25.0, "WaveFormTime": [-0.01, -0.008386, -0.00638, -0.003783, 0.0, 3.96e-07, 7.782e-07, 1.212e-06, 3.44e-06, 1.981e-05, 3.619e-05, 3.664e-05, 3.719e-05, 3.798e-05, 3.997e-05, 0.01], "WaveFormCurrent": [0.0, 0.4568, 0.7526, 0.9204, 1.0, 0.9984, 0.9914, 0.9799, 0.9175, 0.4587, 0.007675, 0.003072, 0.0008319, 0.000119, 0.0, 0.0], "t_peak": 0.0, "t0": 3.997e-05, "tref": 3.997e-05, "WindowTimeStart": [7.539e-05, 9.639e-05, 0.00012239, 0.00015439, 0.00019639, 0.00024739, 0.00031239, 0.00039439, 0.00049739, 0.00062739, 0.00079039, 0.00099639, 0.00125539, 0.00158139, 0.00199139, 0.00250839, 0.00315839, 0.00397739, 0.00500839, 0.00630639, 0.00793939], "WindowTimeEnd": [9.6e-05, 0.000122, 0.000154, 0.000196, 0.000247, 0.000312, 0.000394, 0.000497, 0.000627, 0.00079, 0.000996, 0.001255, 0.001581, 0.001991, 0.002508, 0.003158, 0.003977, 0.005008, 0.006306, 0.007939, 0.009739], "ModellingLoopRadius": 9.9975, "__class__": "KnownSystems"}