{"BaseFrequency": 25.0, "WaveFormTime": [0.0, 0.0014974, 0.00299479, 0.00449219, 0.00598958, 0.00632813, 0.00666667, 0.00700521, 0.00734375], "WaveFormCurrent": [0.00682522, 0.68821963, 0.88968217, 0.95645264, 1.0, 0.84188057, 0.59605229, 0.296009, 0.0], "t_peak": 0.00598958, "t0": 0.00734375, "tref": 0.0, "WindowTimeStart": [1.8e-05, 2.3e-05, 2.9e-05, 3.4e-05, 3.9e-05, 4.5e-05, 5.1e-05, 5.9e-05, 6.8e-05, 7.8e-05, 9e-05, 0.000103, 0.000118, 0.000136, 0.000156, 0.000179, 0.000206, 0.000236, 0.000271, 0.000312, 0.000358, 0.000411, 0.000472, 0.000543, 0.000623, 0.000716, 0.000823, 0.000945, 0.001086, 0.001247, 0.001432, 0.001646, 0.001891, 0.002172, 0.002495, 0.002865, 0.003292, 0.003781, 0.004341, 0.004987, 0.005729, 0.006581, 0.00756, 0.008685, 0.0100851], "WindowTimeEnd": [2.3e-05, 2.9e-05, 3.4e-05, 3.9e-05, 4.5e-05, 5.1e-05, 5.9e-05, 6.8e-05, 7.8e-05, 9e-05, 0.000103, 0.000118, 0.000136, 0.000156, 0.000179, 0.000206, 0.000236, 0.000271, 0.000312, 0.000358, 0.000411, 0.000472, 0.000543, 0.000623, 0.000716, 0.000823, 0.000945, 0.001086, 0.001247, 0.001432, 0.001646, 0.001891, 0.002172, 0.002495, 0.002865, 0.003292, 0.003781, 0.004341, 0.004987, 0.005729, 0.006581, 0.00756, 0.008685, 0.009977, 0.0113498], "ModellingLoopRadius": 13.0, "__class__": "KnownSystems"}